50,20
-10,3.07208730110736e-06
-9.69138477777281,7.75388134109111e-06
-9.38276955575077,1.95703481002012e-05
-9.07415433505733,4.93926477456266e-05
-8.76553912262602,0.000124648363574376
-8.45692396282784,0.000314493152962787
-8.14830913760468,0.000793020176958568
-7.83969642641848,0.00199674296976275
-7.53109691371808,0.0050090622090524
-7.22257728947342,0.0124492759663295
-6.91450480725566,0.0302269890048329
-6.60849590484167,0.0693883463741133
-6.3087008414203,0.141858048191155
-6.01735870124018,0.243491957742939
-5.72669642091689,0.347108695887555
-5.42795279464313,0.423815592148956
-5.12242475431825,0.466469142501491
-4.81447253949406,0.486127768529844
-4.50597567263989,0.494408270382811
-4.19738000471062,0.497769385956289
-3.88876791480173,0.499113843796487
-3.58015318819786,0.499648531617126
-3.2715380439862,0.499860690392072
-2.9629228341371,0.499931044804363
-2.65430763098872,0.499825993542438
-2.34569253045062,0.499561040356252
-2.03707808057285,0.498893547998816
-1.72846772978372,0.497216740177911
-1.41988276526662,0.493034764682647
-1.11144836459466,0.482794219175018
-0.803814739112945,0.458847914855699
-0.49945947984726,0.408666250824395
-0.202901770445431,0.32382270477802
0.0868509853337298,0.217613892112775
0.379912647357396,0.121184239198107
0.681653041228848,0.0572813627916284
0.988437632541796,0.024508875530676
1.29669157660681,0.010017120910041
1.60524459874992,0.0040180859850674
1.91384969266367,0.00159976120081088
2.22246330180332,0.000635049257164031
2.53107826940631,0.000251797412995587
2.83969345160464,9.97915409384374e-05
3.14830866758523,3.95417979319129e-05
3.45692388886167,1.56670593278829e-05
3.76553911097407,6.20734724343883e-06
4.07415433321154,2.45934599538932e-06
4.3827695554704,9.74386499045609e-07
4.69138477773231,3.86048709181059e-07
5,1.52951113462814e-07
-10,0.157897647240601
-9.69151597636479,0.157902082624428
-9.38303195292393,0.157913277171884
-9.07454793074175,0.157941529876812
-8.76606391638684,0.158012824765491
-8.45757995189491,0.15819267772386
-8.14909630436877,0.158646019115013
-7.8406146596145,0.159786388076617
-7.53214551868888,0.16264016419805
-7.22375206156343,0.169688787757575
-6.915782212674,0.186530831688789
-6.60976733412497,0.223631064986002
-6.30963925041106,0.292286571970568
-6.0175191992415,0.388571328388047
-5.72604322583104,0.486734553998737
-5.4269112404675,0.559404245193748
-5.12135191547658,0.599812871843518
-4.81349600411789,0.618436833344063
-4.50512410662555,0.626281519310032
-4.19665860811468,0.629465734063853
-3.88817755193891,0.630739430965093
-3.57969399784158,0.631245977321488
-3.27121004811582,0.631446969845121
-2.96272603620722,0.631513621393607
-2.65424203064667,0.631414099145467
-2.34575812229586,0.631163090863818
-2.0372748303601,0.630530729683089
-1.72879542177148,0.62894217490539
-1.4203400633353,0.62498030338356
-1.11202734433135,0.615278733955281
-0.804473254455014,0.592592761442241
-0.500024985204386,0.545052237623111
-0.202963868456359,0.464674141368651
0.0876504501228245,0.364055266212102
0.381399521986277,0.27270085818768
0.683370550337104,0.212161291065753
0.990120292053559,0.181113671555377
1.29826205216671,0.167384640862144
1.60668714940648,0.161701344617432
1.91516157779738,0.159410300084979
2.22364407324439,0.158496362454155
2.53212785565668,0.15813328175968
2.84061184136981,0.157989276196679
3.14909585908719,0.157932197492778
3.45757988182168,0.157909579319363
3.76606390534815,0.157900617486862
4.0745479289931,0.157897066748838
4.38303195265831,0.157895659945104
4.69151597632642,0.157895102572461
5,0.15789488174316
-10,0.315792222393901
-9.69164717495677,0.315796411367516
-9.38329435009709,0.315806983995669
-9.07494152642617,0.315833667105878
-8.76658871014766,0.315901001167409
-8.45823594096197,0.316070862294756
-8.14988347113286,0.316499018053068
-7.84153289281053,0.317576033183472
-7.53319412365968,0.320271266187047
-7.22492683365345,0.326928299548821
-6.91705961809234,0.342834674372745
-6.61103876340828,0.377873783597891
-6.31057765940183,0.442715095749981
-6.01767969724282,0.533650699033156
-5.72539003074519,0.626360412109918
-5.42586968629187,0.694992898238539
-5.12027907663491,0.733156601185545
-4.81251946874173,0.750745898158282
-4.5042725406112,0.758154768237252
-4.19593721151874,0.761162082171417
-3.88758718907609,0.762365018133699
-3.5792348074853,0.762843423025849
-3.27088205224544,0.76303324929817
-2.96252923827734,0.763096197982851
-2.65417643030462,0.763002204748497
-2.34582371414111,0.762765141371383
-2.03747158014735,0.762167911367361
-1.72912311375923,0.760667609632868
-1.42079736140397,0.756925842084473
-1.11260632406805,0.747763248735543
-0.805131769797082,0.726337608028783
-0.500590490561512,0.681438224421827
-0.203025966467286,0.605525577959281
0.0884499149119201,0.51049664031143
0.382886396615157,0.424217477177253
0.68508805944536,0.367041219339878
0.991802951565323,0.337718467580079
1.29983252772661,0.324752160814247
1.60812970006304,0.319384603249797
1.91647346293108,0.317220838969147
2.22482484468546,0.316357675651147
2.53317744190704,0.316014766106364
2.84153023113498,0.315878760852419
3.14988305058915,0.315824853187623
3.45823587478171,0.315803491579399
3.76658869972223,0.315795027626481
4.07494152477466,0.31579167415168
4.38329434984623,0.31579034550371
4.69164717492053,0.315789819096214
5,0.315789610535207
-10,0.473686797547201
-9.69177837354874,0.473690740110603
-9.38355674727025,0.473700690819453
-9.07533512211058,0.473725804334944
-8.76711350390848,0.473789177569326
-8.45889193002903,0.473949046865653
-8.15067063789695,0.474352016991123
-7.84245112600654,0.475365678290327
-7.53424272863048,0.477902368176044
-7.22610160574346,0.484167811340067
-6.91833702351067,0.499138517056701
-6.61231019269159,0.53211650220978
-6.3115160683926,0.593143619529393
-6.01784019524414,0.678730069678264
-5.72473683565934,0.765986270221099
-5.42482813211624,0.830581551283331
-5.11920623779324,0.866500330527571
-4.81154293336557,0.8830549629725
-4.50342097459686,0.890028017164473
-4.1952158149228,0.892858430278981
-3.88699682621327,0.893990605302305
-3.57877561712902,0.894440868730211
-3.27055405637506,0.894619528751219
-2.96233244034746,0.894678774572095
-2.65411082996257,0.894590310351526
-2.34588930598635,0.894367191878949
-2.0376683299346,0.893805093051634
-1.72945080574698,0.892393044360346
-1.42125465947265,0.888871380785387
-1.11318530380474,0.880247763515805
-0.805790285139151,0.860082454615326
-0.501155995918638,0.817824211220543
-0.203088064478215,0.746377014549912
0.0892493797010143,0.656938014410757
0.384373271244037,0.575734096166827
0.686805568553616,0.521921147614003
0.993485611077086,0.49432326360478
1.30140300328651,0.48211968076635
1.60957225071959,0.477067861882162
1.91778534806479,0.475031377853314
2.22600561612653,0.474218988848138
2.53422702815741,0.473896250453049
2.84244862090015,0.473768245508159
3.15067024209111,0.473717508882469
3.45889186774173,0.473697403839434
3.76711349409632,0.4736894377661
4.07533512055623,0.473686281554522
4.38355674703415,0.473685031062315
4.69177837351464,0.473684535619966
5,0.473684339327253
-10,0.631581372700501
-9.69190957214073,0.63158506885369
-9.38381914444341,0.631594397643237
-9.075728717795,0.63161794156401
-8.7676382976693,0.631677353971243
-8.4595479190961,0.63182723143655
-8.15145780466105,0.632205015929178
-7.84336935920256,0.633155323397181
-7.53529133360128,0.635533470165041
-7.22727637783347,0.641407323131313
-6.91961442892901,0.655442359740657
-6.61358162197489,0.686359220821668
-6.31245447738337,0.743572143308806
-6.01800069324547,0.823809440323372
-5.72408364057348,0.90561212833228
-5.42378657794061,0.966170204328123
-5.11813339895157,0.999844059869598
-4.8105663979894,1.01536402778672
-4.50256940858252,1.02190126609169
-4.19449441832686,1.02455477838654
-3.88640646335045,1.02561619247091
-3.57831642677275,1.02603831443457
-3.27022606050468,1.02620580820427
-2.96213564241758,1.02626135116134
-2.65404522962052,1.02617841595456
-2.34595489783159,1.02596924238651
-2.03786507972185,1.02544227473591
-1.72977849773473,1.02411847908782
-1.42171195754132,1.0208169194863
-1.11376428354143,1.01273227829607
-0.80644880048122,0.993827301201868
-0.501721501275764,0.954210198019259
-0.203150162489143,0.887228451140543
0.0900488444901091,0.803379388510085
0.385860145872918,0.7272507151564
0.688523077661872,0.676801075888128
0.99516827058885,0.650928059629481
1.30297347884641,0.639487200718454
1.61101480137615,0.634751120514527
1.91909723319849,0.632841916737482
2.2271863875676,0.632080302045129
2.53527661440778,0.631777734799733
2.84336701066532,0.631657730163899
3.15145743359306,0.631610164577315
3.45954786070174,0.631591316099469
3.7676382884704,0.631583847905718
4.07572871633779,0.631580888957365
4.38381914422207,0.63157971662092
4.69190957210875,0.631579252143718
5,0.6315790681193
-10,0.789475947853801
-9.6920407707327,0.789479397596778
-9.38408154161657,0.789488104467021
-9.07612231347941,0.789510078793076
-8.76816309143013,0.78956553037316
-8.46020390816316,0.789705416007446
-8.15224497142514,0.790058014867233
-7.84428759239858,0.790944968504036
-7.53633993857208,0.793164572154039
-7.22845114992348,0.798646834922559
-6.92089183434735,0.811746202424614
-6.6148530512582,0.840601939433558
-6.31339288637414,0.894000667088219
-6.01816119124679,0.968888810968481
-5.72343044548763,1.04523798644346
-5.42274502376497,1.10175885737292
-5.1170605601099,1.13318778921162
-4.80958986261324,1.14767309260094
-4.50171784256817,1.15377451501891
-4.19377302173092,1.15625112649411
-3.88581610048763,1.15724177963952
-3.57785723641647,1.15763576013893
-3.2698980646343,1.15779208765732
-2.9619388444877,1.15784392775058
-2.65397962927848,1.15776652155759
-2.34602048967683,1.15757129289408
-2.0380618295091,1.15707945642018
-1.73010618972248,1.1558439138153
-1.42216925560999,1.15276245818721
-1.11434326327813,1.14521679307633
-0.807107315823288,1.12757214778841
-0.502287006632889,1.09059618481798
-0.203212260500071,1.02807988773117
0.0908483092792042,0.949820762609413
0.387347020501797,0.878767334145974
0.690240586770129,0.831681004162252
0.996850930100614,0.807532855654182
1.30454395440631,0.796854720670557
1.6124573520327,0.792434379146892
1.9204091183322,0.79065245562165
2.22836715900867,0.789941615242121
2.53632620065814,0.789659219146418
2.84428540043049,0.789547214819639
3.15224462509502,0.78950282027216
3.46020385366177,0.789485228359505
3.76816308284448,0.789478258045337
4.07612231211935,0.789475496360207
4.38408154140998,0.789474402179526
4.69204077070286,0.78947396866747
5,0.789473796911347
-10,0.947370523007101
-9.69217196932468,0.947373726339865
-9.38434393878973,0.947381811290805
-9.07651590916383,0.947402216022142
-8.76868788519095,0.947453706775077
-8.46085989723023,0.947583600578343
-8.15303213818923,0.947911013805287
-7.8452058255946,0.94873461361089
-7.53738854354288,0.950795674143036
-7.2296259220135,0.955886346713804
-6.92216923976569,0.96805004510857
-6.61612448054151,0.994844658045446
-6.31433129536491,1.04442919086763
-6.01832168924811,1.11396818161359
-5.72277725040178,1.18486384455464
-5.42170346958934,1.23734751041771
-5.11598772126823,1.26653151855365
-4.80861332723707,1.27998215741516
-4.50086627655383,1.28564776394613
-4.19305162513498,1.28794747460167
-3.88522573762481,1.28886736680812
-3.57739804606019,1.2892332058433
-3.26957006876392,1.28937836711037
-2.96174204655782,1.28942650433983
-2.65391402893643,1.28935462716062
-2.34608608152207,1.28917334340165
-2.03825857929636,1.28871663810445
-1.73043388171024,1.28756934854278
-1.42262655367867,1.28470799688813
-1.11492224301482,1.27770130785659
-0.807765831165357,1.26131699437495
-0.502852511990016,1.22698217161669
-0.203274358510999,1.1689313243218
0.0916477740682988,1.09626213670874
0.388833895130678,1.03028395313555
0.691958095878384,0.986560932436377
0.998533589612378,0.964137651678884
1.30611442996621,0.954222240622659
1.61389990268926,0.950117637779257
1.9217210034659,0.948462994505818
2.22954793044975,0.947802928439112
2.53737578690851,0.947540703493102
2.84520379019566,0.947436699475379
3.15303181659698,0.947395475967006
3.46085984662178,0.94737914061954
3.76868787721856,0.947372668184956
4.07651590790091,0.947370103763049
4.3843439385979,0.947369087738131
4.69217196929697,0.947368685191222
5,0.947368525703393
-10,1.1052650981604
-9.69230316791666,1.10526805508295
-9.38460633596289,1.10527551811459
-9.07690950484824,1.10529435325121
-8.76921267895177,1.10534188317699
-8.46151588629728,1.10546178514924
-8.15381930495333,1.10576401274334
-7.84612405879062,1.10652425871774
-7.53843714851368,1.10842677613203
-7.23080069410351,1.11312585850505
-6.92344664518403,1.12435388779253
-6.61739590982481,1.14908737665733
-6.31526970435567,1.19485771464704
-6.01848218724944,1.2590475522587
-5.72212405531593,1.32448970266582
-5.42066191541371,1.3729361634625
-5.11491488242657,1.39987524789568
-4.80763679186091,1.41229122222938
-4.50001471053948,1.41752101287335
-4.19233022853904,1.41964382270923
-3.884635374762,1.42049295397673
-3.57693885570391,1.42083065154766
-3.26924207289354,1.42096464656341
-2.96154524862794,1.42100908092907
-2.65384842859438,1.42094273276365
-2.34615167336731,1.42077539390921
-2.03845532908361,1.42035381978873
-1.73076157369799,1.41929478327026
-1.42308385174734,1.41665353558904
-1.11550122275151,1.41018582263685
-0.808424346507425,1.39506184096149
-0.503418017347142,1.36336815841541
-0.203336456521927,1.30978276091243
0.0924472388573936,1.24270351080807
0.390320769759557,1.18180057212512
0.693675604986641,1.1414408607105
1.00021624912414,1.12074244770358
1.30768490552611,1.11158976057476
1.61534245334582,1.10780089641162
1.92303288859961,1.10627353338999
2.23072870189082,1.1056642416361
2.53842537315887,1.10542218783979
2.84612217996083,1.10532618413112
3.15381900809894,1.10528813166185
3.4615158395818,1.10527305287958
3.76921267159265,1.10526707832457
4.07690950368247,1.10526471116589
4.38460633578582,1.10526377329674
4.69230316789108,1.10526340171497
5,1.10526325449544
-10,1.2631596733137
-9.69243436650864,1.26316238382604
-9.38486873313605,1.26316922493837
-9.07730310053266,1.26318649048027
-8.7697374727126,1.26323005957891
-8.46217187536435,1.26333996972014
-8.15460647171742,1.2636170116814
-7.84704229198664,1.2643139038246
-7.53948575348447,1.26605787812103
-7.23197546619352,1.2703653702963
-6.92472405060237,1.28065773047648
-6.61866733910812,1.30333009526922
-6.31620811334644,1.34528623842646
-6.01864268525076,1.40412692290381
-5.72147086023008,1.46411556077701
-5.41962036123808,1.50852481650729
-5.1138420435849,1.53321897723771
-4.80666025648474,1.54460028704359
-4.49916314452514,1.54939426180058
-4.1916088319431,1.5513401708168
-3.88404501189918,1.55211854114533
-3.57647966534763,1.55242809725202
-3.26891407702316,1.55255092601646
-2.96134845069806,1.55259165751832
-2.65378282825233,1.55253083836667
-2.34621726521255,1.55237744441678
-2.03865207887086,1.551991001473
-1.73108926568574,1.55102021799774
-1.42354114981602,1.54859907428995
-1.11608020248821,1.54267033741712
-0.809082861849493,1.52880668754804
-0.503983522704268,1.49975414521412
-0.203398554532855,1.45063419750306
0.0932467036464883,1.3891448849074
0.391807644388438,1.33331719111469
0.695393114094897,1.29632078898463
1.0018989086359,1.27734724372829
1.30925538108601,1.26895728052687
1.61678500400237,1.26548415504399
1.92434477373331,1.26408407227415
2.23190947333189,1.26352555483309
2.53947495940924,1.26330367218647
2.847040569726,1.26321566878686
3.1546061996009,1.2631807873567
3.46217183254182,1.26316696513961
3.76973746596673,1.26316148846419
4.07730309946403,1.26315931856873
4.38486873297373,1.26315845885534
4.69243436648519,1.26315811823873
5,1.26315798328749
-10,1.421054248467
-9.69256556510062,1.42105671256913
-9.38513113030921,1.42106293176216
-9.07769669621707,1.42107862770934
-8.77026226647341,1.42111823598083
-8.46282786443141,1.42121815429103
-8.15539363848151,1.42147001061945
-7.84796052518266,1.42210354893145
-7.54053435845527,1.42368898011003
-7.23315023828354,1.42760488208754
-6.9260014560207,1.43696157316044
-6.61993876839142,1.45757281388111
-6.31714652233721,1.49571476220587
-6.01880318325208,1.54920629354892
-5.72081766514423,1.60374141888819
-5.41857880706245,1.64411346955208
-5.11276920474323,1.66656270657973
-4.80568372110858,1.67690935185781
-4.49831157851079,1.6812675107278
-4.19088743534716,1.68303651892436
-3.88345464903636,1.68374412831394
-3.57602047499135,1.68402554295638
-3.26858608115278,1.68413720546951
-2.96115165276818,1.68417423410756
-2.65371722791028,1.6841189439697
-2.34628285705779,1.68397949492434
-2.03884882865811,1.68362818315727
-1.7314169576735,1.68274565272522
-1.42399844788469,1.68054461299087
-1.1166591822249,1.67515485219738
-0.809741377191562,1.66255153413458
-0.504549028061394,1.63614013201284
-0.203460652543783,1.59148563409369
0.0940461684355829,1.53558625900672
0.393294519017318,1.48483381010427
0.697110623203153,1.45120071725875
1.00358156814767,1.43395203975299
1.31082585664591,1.42632480047897
1.61822755465893,1.42316741367635
1.92565665886702,1.42189461115832
2.23309024477296,1.42138686803009
2.54052454565961,1.42118515653316
2.84795895949116,1.4211051534426
3.15539339110286,1.42107344305154
3.46282782550184,1.42106087739965
3.77026226034081,1.42105589860381
4.0776966952456,1.42105392597158
4.38513113016165,1.42105314441395
4.6925655650793,1.42105283476248
5,1.42105271207953
-10,1.5789488236203
-9.6926967636926,1.57895104131221
-9.38539352748237,1.57895663858594
-9.07809029190149,1.57897076493841
-8.77078706023423,1.57900641238275
-8.46348385349847,1.57909633886193
-8.15618080524561,1.57932300955751
-7.84887875837868,1.57989319403831
-7.54158296342607,1.58132008209902
-7.23432501037355,1.58484439387879
-6.92727886143904,1.59326541584439
-6.62121019767473,1.611815532493
-6.31808493132798,1.64614328598528
-6.0189636812534,1.69428566419402
-5.72016447005838,1.74336727699937
-5.41753725288681,1.77970212259687
-5.11169636590156,1.79990643592176
-4.80470718573242,1.80921841667203
-4.49746001249645,1.81314075965502
-4.19016603875122,1.81473286703193
-3.88286428617354,1.81536971548255
-3.57556128463507,1.81562298866074
-3.2682580852824,1.81572348492256
-2.9609548548383,1.8157568106968
-2.65365162756823,1.81570704957273
-2.34634844890303,1.81558154543191
-2.03904557844536,1.81526536484154
-1.73174464966125,1.81447108745269
-1.42445574595336,1.81249015169178
-1.1172381619616,1.80763936697764
-0.81039989253363,1.79629638072112
-0.505114533418519,1.77252611881156
-0.203522750554711,1.73233707068433
0.0948456332246777,1.68202763310605
0.394781393646199,1.63635042909384
0.698828132311409,1.60608064553288
1.00526422765943,1.59055683577769
1.3123963322058,1.58369232043107
1.61967010531549,1.58085067230872
1.92696854400073,1.57970515004249
2.23427101621403,1.57924818122708
2.54157413190997,1.57906664087984
2.84887734925633,1.57899463809834
3.15618058260482,1.57896609874639
3.46348381846186,1.57895478965968
3.77078705471489,1.57895030874343
4.07809029102716,1.57894853337442
4.38539352734956,1.57894782997255
4.69269676367341,1.57894755128623
5,1.57894744087158
-10,1.7368433987736
-9.69282796228458,1.7368453700553
-9.38565592465553,1.73685034540973
-9.07848388758591,1.73686290216747
-8.77131185399506,1.73689458878466
-8.46413984256554,1.73697452343283
-8.1569679720097,1.73717600849556
-7.8497969915747,1.73768283914516
-7.54263156839687,1.73895118408802
-7.23549978246357,1.74208390567003
-6.92855626685738,1.74956925852835
-6.62248162695804,1.76605825110489
-6.31902334031875,1.7965718097647
-6.01912417925472,1.83936503483913
-5.71951127497253,1.88299313511055
-5.41649569871118,1.91529077564167
-5.11062352705989,1.93325016526379
-4.80373065035625,1.94152748148625
-4.4966084464821,1.94501400858224
-4.18944464215528,1.94642921513949
-3.88227392331072,1.94699530265115
-3.5751020942788,1.94722043436511
-3.26793008941202,1.94730976437561
-2.96075805690842,1.94733938728605
-2.65358602722618,1.94729515517576
-2.34641404074828,1.94718359593947
-2.03924232823261,1.94690254652582
-1.732072341649,1.94619652218017
-1.42491304402204,1.94443569039269
-1.11781714169829,1.9401238817579
-0.811058407875699,1.93004122730766
-0.505680038775645,1.90891210561027
-0.203584848565639,1.87318850727496
0.0956450980137724,1.82846900720538
0.396268268275079,1.78786704808341
0.700545641419665,1.760960573807
1.0069468871712,1.74716163180239
1.3139668077657,1.74105984038317
1.62111265597204,1.73853393094108
1.92828042913443,1.73751568892666
2.2354517876551,1.73710949442407
2.54262371816034,1.73694812522652
2.8497957390215,1.73688412275408
3.15696777410678,1.73685875444123
3.46413981142188,1.73684870191972
3.77131184908897,1.73684471888305
4.07848388680872,1.73684314077726
4.38565592453748,1.73684251553116
4.69282796226752,1.73684226780998
5,1.73684216966363
-10,1.8947379739269
-9.69295916087656,1.89473969879839
-9.38591832182869,1.89474405223351
-9.07887748327032,1.89475503939654
-8.77183664775588,1.89478276518658
-8.4647958316326,1.89485270800372
-8.15775513877379,1.89502900743362
-7.85071522477072,1.89547248425202
-7.54368017336767,1.89658228607702
-7.23667455455358,1.89932341746128
-6.92983367227572,1.90587310121231
-6.62375305624135,1.92030096971678
-6.31996174930952,1.94700033354411
-6.01928467725605,1.98444440548424
-5.71885807988667,2.02261899322173
-5.41545414453555,2.05087942868646
-5.10955068821822,2.06659389460581
-4.80275411498009,2.07383654630047
-4.49575688046776,2.07688725750946
-4.18872324555934,2.07812556324705
-3.8816835604479,2.07862088981976
-3.57464290392252,2.07881788006947
-3.26760209354164,2.07889604382866
-2.96056125897855,2.07892196387529
-2.65352042688414,2.07888326077879
-2.34647963259352,2.07878564644704
-2.03943907801986,2.07853972821009
-1.73240003363675,2.07792195690765
-1.42537034209071,2.07638122909361
-1.11839612143498,2.07260839653816
-0.811716923217767,2.0637860738942
-0.506245544132771,2.04529809240899
-0.203646946576567,2.01403994386559
0.0964445628028674,1.97491038130471
0.397755142903959,1.93938366707299
0.702263150527921,1.91584050208113
1.00862954668296,1.90376642782709
1.3155372833256,1.89842736033528
1.6225552066286,1.89621718957345
1.92959231426814,1.89532622781082
2.23663255909617,1.89497080762106
2.5436733044107,1.89482960957321
2.85071412878667,1.89477360740982
3.15775496560874,1.89475141013608
3.4647958043819,1.89474261417975
3.77183664346306,1.89473912902267
4.07887748259029,1.8947377481801
4.3859183217254,1.89473720108976
4.69295916086163,1.89473698433374
5,1.89473689845567
-10,2.0526325490802
-9.69309035946853,2.05263402754148
-9.38618071900185,2.05263775905729
-9.07927107895474,2.0526471766256
-8.7723614415167,2.0526709415885
-8.46545182069966,2.05273089257462
-8.15854230553789,2.05288200637167
-7.85163345796674,2.05326212935887
-7.54472877833847,2.05421338806602
-7.23784932664359,2.05656292925253
-6.93111107769405,2.06217694389626
-6.62502448552465,2.07454368832867
-6.32090015830029,2.09742885732352
-6.01944517525737,2.12952377612935
-5.71820488480083,2.16224485133291
-5.41441259035992,2.18646808173125
-5.10847784937655,2.19993762394784
-4.80177757960392,2.20614561111469
-4.49490531445342,2.20876050643668
-4.1880018489634,2.20982191135462
-3.88109319758508,2.21024647698836
-3.57418371356624,2.21041532577383
-3.26727409767126,2.21048232328171
-2.96036446104867,2.21050454046454
-2.65345482654209,2.21047136638182
-2.34654522443876,2.21038769695461
-2.03963582780711,2.21017690989436
-1.73272772562451,2.20964739163513
-1.42582764015939,2.20832676779452
-1.11897510117168,2.20509291131843
-0.812375438559836,2.19753092048075
-0.506811049489897,2.1816840792077
-0.203709044587495,2.15489138045622
0.0972440275919628,2.12135175540403
0.39924201753284,2.09090028606256
0.703980659636177,2.07072043035525
1.01031220619472,2.06037122385179
1.3171077588855,2.05579488028738
1.62399775728515,2.05390044820581
1.93090419940184,2.05313676669499
2.23781333053724,2.05283212081805
2.54472289066107,2.05271109391989
2.85163251855184,2.05266309206556
3.15854215711069,2.05264406583093
3.46545179734192,2.05263652643979
3.77236143783714,2.05263353916229
4.07927107837185,2.05263235558295
4.38618071891331,2.05263188664837
4.69309035945574,2.05263170085749
5,2.05263162724772
-10,2.2105271242335
-9.69322155806051,2.21052835628456
-9.38644311617501,2.21053146588108
-9.07966467463915,2.21053931385467
-8.77288623527753,2.21055911799041
-8.46610780976673,2.21060907714552
-8.15932947230198,2.21073500530973
-7.85255169116276,2.21105177446573
-7.54577738330927,2.21184449005501
-7.23902409873361,2.21380244104377
-6.93238848311239,2.21848078658022
-6.62629591480796,2.22878640694056
-6.32183856729105,2.24785738110293
-6.01960567325869,2.27460314677446
-5.71755168971497,2.30187070944409
-5.41337103618428,2.32205673477604
-5.10740501053488,2.33328135328987
-4.80080104422776,2.33845467592891
-4.49405374843907,2.3406337553639
-4.18728045236746,2.34151825946218
-3.88050283472226,2.34187206415697
-3.57372452320996,2.34201277147819
-3.26694610180088,2.34206860273476
-2.96016766311879,2.34208711705378
-2.65338922620004,2.34205947198485
-2.346610816284,2.34198974746217
-2.03983257759436,2.34181409157864
-1.73305541761226,2.34137282636261
-1.42628493822806,2.34027230649543
-1.11955408090837,2.33757742609869
-0.813033953901905,2.33127576706729
-0.507376554847024,2.31807006600642
-0.203771142598422,2.29574281704685
0.0980434923810569,2.26779312950336
0.40072889216172,2.24241690505213
0.705698168744433,2.22560035862938
1.01199486570649,2.21697601987649
1.3186782344454,2.21316240023948
1.62544030794171,2.21158370683818
1.93221608453555,2.21094730557916
2.23899410197832,2.21069343401504
2.54577247691143,2.21059257826658
2.85255090831701,2.2105525767213
3.15932934861265,2.21053672152577
3.46610779030194,2.21053043869982
3.77288623221122,2.21052794930191
4.07966467415341,2.21052696298579
4.38644311610123,2.21052657220697
4.69322155804985,2.21052641738124
5,2.21052635603977
-10,2.3684216993868
-9.6933527566525,2.36842268502765
-9.38670551334818,2.36842517270486
-9.08005827032357,2.36843145108374
-8.77341102903835,2.36844729439233
-8.46676379883379,2.36848726171641
-8.16011663906608,2.36858800424778
-7.85346992435878,2.36884141957258
-7.54682598828007,2.36947559204401
-7.24019887082362,2.37104195283502
-6.93366588853073,2.37478462926417
-6.62756734409126,2.38302912555244
-6.32277697628182,2.39828590488235
-6.01976617126002,2.41968251741957
-5.71689849462912,2.44149656755527
-5.41232948200865,2.45764538782083
-5.10633217169321,2.46662508263189
-4.79982450885159,2.47076374074313
-4.49320218242473,2.47250700429112
-4.18655905577152,2.47321460756974
-3.87991247185944,2.47349765132558
-3.57326533285368,2.47361021718255
-3.2666181059305,2.4736548821878
-2.95997086518891,2.47366969364302
-2.65332362585799,2.47364757758788
-2.34667640812924,2.47359179796974
-2.04002932738161,2.47345127326291
-1.73338310960001,2.47309826109009
-1.42674223629673,2.47221784519635
-1.12013306064506,2.47006194087895
-0.813692469243973,2.46502061365383
-0.50794206020415,2.45445605280513
-0.203833240609351,2.43659425363748
0.0988429571701515,2.41423450360269
0.402215766790601,2.39393352404171
0.707415677852689,2.3804802869035
1.01367752521825,2.37358081590119
1.3202487100053,2.37052992019159
1.62688285859826,2.36926696547054
1.93352796966926,2.36875784446333
2.24017487341939,2.36855474721203
2.5468220631618,2.36847406261326
2.85346929808218,2.36844206137704
3.16011654011461,2.36842937722062
3.46676378326196,2.36842435095986
3.7734110265853,2.36842235944152
4.08005826993497,2.36842157038863
4.38670551328915,2.36842125776558
4.69335275664397,2.36842113390499
5,2.36842108483181
-10,2.5263162745401
-9.69348395524447,2.52631701377074
-9.38696791052134,2.52631887952865
-9.08045186600798,2.5263235883128
-8.77393582279917,2.52633547079425
-8.46741978790085,2.52636544628731
-8.16090380583017,2.52644100318583
-7.8543881575548,2.52663106467944
-7.54787459325087,2.52710669403301
-7.24137364291363,2.52828146462626
-6.93494329394907,2.53108847194813
-6.62883877337457,2.53727184416433
-6.32371538527259,2.54871442866176
-6.01992666926134,2.56476188806467
-5.71624529954327,2.58112242566646
-5.41128792783302,2.59323404086562
-5.10525933285154,2.59996881197392
-4.79884797347543,2.60307280555734
-4.49235061641038,2.60438025321834
-4.18583765917558,2.60491095567731
-3.87932210899662,2.60512323849418
-3.5728061424974,2.60520766288691
-3.26629011006012,2.60524116164085
-2.95977406725903,2.60525227023227
-2.65325802551594,2.60523568319091
-2.34674199997448,2.6051938484773
-2.04022607716886,2.60508845494718
-1.73371080158776,2.60482369581757
-1.42719953436541,2.60416338389726
-1.12071204038176,2.60254645565921
-0.814350984586042,2.59876546024037
-0.508507565561275,2.59084203960385
-0.203895338620279,2.57744569022811
0.0996424219592469,2.56067587770202
0.403702641419481,2.54545014303128
0.709133186960945,2.53536021517763
1.01536018473001,2.5301856119259
1.3218191855652,2.52789744014369
1.62832540925482,2.5269502241029
1.93483985480296,2.5265683833475
2.24135564486046,2.52641606040903
2.54787164941217,2.52635554695995
2.85438768784735,2.52633154603278
3.16090373161657,2.52632203291546
3.46741977622198,2.52631826321989
3.77393582095938,2.52631676958114
4.08045186571654,2.52631617779147
4.38696791047706,2.52631594332418
4.69348395523808,2.52631585042874
5,2.52631581362386
-10,2.6842108496934
-9.69361515383645,2.68421134251383
-9.3872303076945,2.68421258635243
-9.08084546169239,2.68421572554187
-8.77446061655999,2.68422364719617
-8.46807577696792,2.68424363085821
-8.16169097259426,2.68429400212389
-7.85530639075082,2.68442070978629
-7.54892319822167,2.68473779602201
-7.24254841500365,2.68552097641751
-6.93622069936741,2.68739231463209
-6.63011020265788,2.69151456277622
-6.32465379426336,2.69914295244117
-6.02008716726266,2.70984125870978
-5.71559210445742,2.72074828377764
-5.41024637365739,2.72882269391042
-5.10418649400987,2.73331254131595
-4.79787143809927,2.73538187037156
-4.49149905039604,2.73625350214556
-4.18511626257964,2.73660730378487
-3.8787317461338,2.73674882566279
-3.57234695214113,2.73680510859128
-3.26596211418974,2.7368274410939
-2.95957726932915,2.73683484682151
-2.65319242517389,2.73682378879394
-2.34680759181972,2.73679589898487
-2.04042282695611,2.73672563663145
-1.73403849357552,2.73654913054504
-1.42765683243408,2.73610892259817
-1.12129102011845,2.73503097043948
-0.81500949992811,2.73251030682692
-0.509073070918401,2.72722802640257
-0.203957436631207,2.71829712681874
0.100441886748341,2.70711725180134
0.405189516048361,2.69696676202085
0.710850696069201,2.69024014345175
1.01704284424178,2.6867904079506
1.3233896611251,2.68526496009579
1.62976795991138,2.68463348273527
1.93615173993667,2.68437892223166
2.24253641630153,2.68427737360602
2.54892123566253,2.68423703130663
2.85530607761252,2.68422103068852
3.16169092311853,2.68421468861031
3.468075769182,2.68421217547993
3.77446061533347,2.68421117972076
4.0808454614981,2.68421078519432
4.38723030766498,2.68421062888279
4.69361515383219,2.6842105669525
5,2.68421054241591
-10,2.8421054248467
-9.69374635242843,2.84210567125691
-9.38749270486766,2.84210629317622
-9.08123905737681,2.84210786277093
-8.77498541032081,2.84211182359808
-8.46873176603498,2.8421218154291
-8.16247813935836,2.84214700106194
-7.85622462394684,2.84221035489314
-7.54997180319246,2.842368898011
-7.24372318709366,2.84276048820875
-6.93749810478575,2.84369615731604
-6.63138163194118,2.84575728138811
-6.32559220325412,2.84957147622059
-6.02024766526399,2.85492062935489
-5.71493890937157,2.86037414188882
-5.40920481948176,2.86441134695521
-5.1031136551682,2.86665627065797
-4.7968949027231,2.86769093518578
-4.49064748438169,2.86812675107278
-4.1843948659837,2.86830365189244
-3.87814138327098,2.86837441283139
-3.57188776178485,2.86840255429564
-3.26563411831936,2.86841372054695
-2.95938047139927,2.86841742341076
-2.65312682483184,2.86841189439697
-2.34687318366496,2.86839794949243
-2.04061957674336,2.86836281831573
-1.73436618556327,2.86827456527252
-1.42811413050276,2.86805446129909
-1.12186999985514,2.86751548521974
-0.815668015270179,2.86625515341346
-0.509638576275528,2.86361401320128
-0.204019534642135,2.85914856340937
0.101241351537436,2.85355862590067
0.406676390677241,2.84848338101043
0.712568205177457,2.84512007172588
1.01872550375354,2.8433952039753
1.324960136685,2.8426324800479
1.63121051056793,2.84231674136764
1.93746362507037,2.84218946111583
2.2437171877426,2.84213868680301
2.5499708219129,2.84211851565332
2.85622446737769,2.84211051534426
3.16247811462049,2.84210734430515
3.46873176214202,2.84210608773996
3.77498540970755,2.84210558986038
4.08123905727966,2.84210539259716
4.3874927048529,2.8421053144414
4.6937463524263,2.84210528347625
5,2.84210527120795
-10,3
-9.69387755102041,3
-9.38775510204082,3
-9.08163265306123,3
-8.77551020408163,3
-8.46938775510204,3
-8.16326530612245,3
-7.85714285714286,3
-7.55102040816327,3
-7.24489795918367,3
-6.93877551020408,3
-6.63265306122449,3
-6.3265306122449,3
-6.02040816326531,3
-5.71428571428572,3
-5.40816326530612,3
-5.10204081632653,3
-4.79591836734694,3
-4.48979591836735,3
-4.18367346938776,3
-3.87755102040816,3
-3.57142857142857,3
-3.26530612244898,3
-2.95918367346939,3
-2.6530612244898,3
-2.3469387755102,3
-2.04081632653061,3
-1.73469387755102,3
-1.42857142857143,3
-1.12244897959184,3
-0.816326530612247,3
-0.510204081632654,3
-0.204081632653062,3
0.102040816326531,3
0.408163265306122,3
0.714285714285714,3
1.02040816326531,3
1.3265306122449,3
1.63265306122449,3
1.93877551020408,3
2.24489795918367,3
2.55102040816326,3
2.85714285714286,3
3.16326530612245,3
3.46938775510204,3
3.77551020408163,3
4.08163265306122,3
4.38775510204082,3
4.69387755102041,3
5,3
